epoch,time,train/box_loss,train/cls_loss,train/dfl_loss,metrics/precision(B),metrics/recall(B),metrics/mAP50(B),metrics/mAP50-95(B),val/box_loss,val/cls_loss,val/dfl_loss,lr/pg0,lr/pg1,lr/pg2
1,184.176,0.92715,0.52754,0.96875,0.98274,0.98788,0.99324,0.78461,0.84457,0.38559,0.95468,0.000666012,0.000666012,0.000666012
2,360.19,0.89558,0.43919,0.94712,0.99099,0.99611,0.99356,0.82651,0.73028,0.33861,0.90928,0.00131948,0.00131948,0.00131948
3,533.854,0.8656,0.41519,0.93689,0.98999,0.99574,0.9928,0.81907,0.738,0.34702,0.91285,0.00195976,0.00195976,0.00195976
4,706.959,0.82519,0.3962,0.92338,0.99253,0.99639,0.99382,0.82796,0.70905,0.32796,0.89812,0.0019406,0.0019406,0.0019406
5,880.191,0.8064,0.37942,0.91653,0.9951,0.99954,0.99395,0.83988,0.70383,0.30348,0.89565,0.0019208,0.0019208,0.0019208
6,1053.31,0.77828,0.36539,0.90872,0.99171,0.9988,0.99371,0.84606,0.67716,0.30202,0.88373,0.001901,0.001901,0.001901
7,1226.44,0.76861,0.36004,0.90373,0.99649,0.99832,0.9941,0.8531,0.67886,0.28977,0.88439,0.0018812,0.0018812,0.0018812
8,1399.54,0.74744,0.34988,0.89543,0.99594,0.9991,0.99312,0.85599,0.6513,0.28959,0.87362,0.0018614,0.0018614,0.0018614
9,1572.25,0.74332,0.34731,0.89547,0.98866,0.9988,0.98661,0.85519,0.63526,0.27633,0.86919,0.0018416,0.0018416,0.0018416
10,1743.24,0.71878,0.33225,0.88609,0.99545,0.99843,0.99301,0.85951,0.64626,0.27743,0.86936,0.0018218,0.0018218,0.0018218
11,1914.34,0.71247,0.33186,0.88584,0.9952,0.998,0.99299,0.85743,0.66621,0.27514,0.87733,0.001802,0.001802,0.001802
12,2085.21,0.71289,0.32834,0.88324,0.99548,0.9988,0.99324,0.86668,0.62308,0.26844,0.86448,0.0017822,0.0017822,0.0017822
13,2256.3,0.69994,0.32287,0.88152,0.9974,0.99861,0.99405,0.86729,0.63084,0.27,0.8643,0.0017624,0.0017624,0.0017624
14,2429.2,0.69131,0.31735,0.87759,0.99598,0.99861,0.9941,0.86895,0.62793,0.26083,0.86463,0.0017426,0.0017426,0.0017426
15,2602.71,0.68445,0.31492,0.87573,0.99633,0.99907,0.99263,0.86761,0.61643,0.25949,0.86088,0.0017228,0.0017228,0.0017228
16,2775.93,0.67853,0.31227,0.87191,0.99693,0.99917,0.99346,0.87256,0.61369,0.25533,0.85817,0.001703,0.001703,0.001703
17,2949.6,0.66954,0.30686,0.87141,0.99778,0.9989,0.99403,0.87551,0.60517,0.25122,0.8573,0.0016832,0.0016832,0.0016832
18,3123.05,0.66967,0.30625,0.86919,0.99202,0.99843,0.98915,0.8714,0.59287,0.24949,0.85161,0.0016634,0.0016634,0.0016634
19,3296.67,0.6632,0.30558,0.86796,0.99347,0.99918,0.99064,0.87131,0.59295,0.24756,0.85164,0.0016436,0.0016436,0.0016436
20,3487.54,0.66175,0.2998,0.86936,0.9894,0.99843,0.98677,0.86158,0.5826,0.24445,0.84897,0.0016238,0.0016238,0.0016238
21,3680.35,0.65503,0.29961,0.86652,0.96127,0.99907,0.95938,0.83865,0.59509,0.27855,0.85156,0.001604,0.001604,0.001604
22,3867.75,0.65658,0.29896,0.86518,0.9976,0.9992,0.99439,0.87795,0.58942,0.2426,0.84998,0.0015842,0.0015842,0.0015842
23,4041.81,0.65376,0.29675,0.86756,0.99723,0.99912,0.99379,0.87718,0.59318,0.23947,0.85199,0.0015644,0.0015644,0.0015644
24,4227.97,0.64621,0.29339,0.86305,0.99784,0.99935,0.99442,0.88107,0.58106,0.23618,0.84775,0.0015446,0.0015446,0.0015446
25,4401.3,0.64181,0.28725,0.86188,0.9976,0.99949,0.99414,0.88463,0.57103,0.23455,0.84412,0.0015248,0.0015248,0.0015248
26,4574.53,0.63798,0.28778,0.86083,0.99768,0.99889,0.99432,0.88137,0.58233,0.23731,0.84869,0.001505,0.001505,0.001505
27,4749.73,0.64043,0.28839,0.86221,0.99806,0.99897,0.99429,0.88642,0.56328,0.23122,0.84162,0.0014852,0.0014852,0.0014852
28,4939.73,0.63674,0.28622,0.85904,0.99748,0.99926,0.99367,0.88551,0.56587,0.23397,0.84294,0.0014654,0.0014654,0.0014654
29,5126.21,0.63309,0.28673,0.85796,0.99787,0.99935,0.99422,0.8848,0.56987,0.23538,0.84276,0.0014456,0.0014456,0.0014456
30,5317.9,0.62935,0.284,0.85807,0.99677,0.99861,0.9929,0.88332,0.56801,0.22889,0.84297,0.0014258,0.0014258,0.0014258
31,5508.85,0.62861,0.28206,0.85687,0.99843,0.99903,0.99444,0.8876,0.5633,0.23169,0.84201,0.001406,0.001406,0.001406
32,5699.02,0.62501,0.28138,0.85867,0.99806,0.99919,0.99419,0.88802,0.56119,0.22714,0.84083,0.0013862,0.0013862,0.0013862
33,5888.16,0.62483,0.27857,0.85747,0.99758,0.99954,0.99437,0.88827,0.55829,0.22841,0.84133,0.0013664,0.0013664,0.0013664
34,6064.77,0.618,0.27534,0.85353,0.99824,0.99952,0.99429,0.88926,0.55702,0.22796,0.83977,0.0013466,0.0013466,0.0013466
35,6237.53,0.61374,0.27505,0.85796,0.99629,0.99917,0.99239,0.88754,0.55112,0.22469,0.83819,0.0013268,0.0013268,0.0013268
36,6410.03,0.61316,0.27392,0.85554,0.99766,0.99935,0.99372,0.88957,0.55371,0.22282,0.83879,0.001307,0.001307,0.001307
37,6584.8,0.60898,0.27264,0.85366,0.99654,0.99907,0.99291,0.88975,0.55024,0.22166,0.83732,0.0012872,0.0012872,0.0012872
38,6764.8,0.60799,0.2705,0.85163,0.99717,0.99926,0.99399,0.89187,0.54613,0.21857,0.83644,0.0012674,0.0012674,0.0012674
39,6944.75,0.60717,0.26991,0.85336,0.99778,0.99931,0.9943,0.89258,0.55,0.22093,0.83725,0.0012476,0.0012476,0.0012476
40,7114.87,0.60266,0.27008,0.85215,0.99807,0.99935,0.99451,0.89166,0.54845,0.22011,0.83652,0.0012278,0.0012278,0.0012278
41,7284.95,0.60004,0.26569,0.8497,0.99815,0.99902,0.9945,0.89307,0.548,0.21906,0.837,0.001208,0.001208,0.001208
42,7455,0.60189,0.2672,0.85101,0.99764,0.99917,0.99436,0.88944,0.55257,0.21969,0.83834,0.0011882,0.0011882,0.0011882
43,7624.9,0.59859,0.26693,0.85006,0.99797,0.99935,0.99461,0.89074,0.55328,0.21772,0.83915,0.0011684,0.0011684,0.0011684
44,7800.94,0.60155,0.26634,0.84841,0.99792,0.99926,0.9944,0.8925,0.54089,0.21556,0.83378,0.0011486,0.0011486,0.0011486
45,7981.57,0.5915,0.2616,0.84854,0.99785,0.99944,0.99458,0.89171,0.5502,0.21697,0.83756,0.0011288,0.0011288,0.0011288
46,8168.39,0.59406,0.26417,0.84614,0.99764,0.99944,0.99453,0.89397,0.54187,0.21492,0.83491,0.001109,0.001109,0.001109
47,8353.78,0.59265,0.26222,0.85021,0.9976,0.99937,0.99457,0.89515,0.54177,0.21729,0.8355,0.0010892,0.0010892,0.0010892
48,8540.13,0.5894,0.2621,0.84495,0.99734,0.99972,0.99453,0.89552,0.5414,0.21483,0.83615,0.0010694,0.0010694,0.0010694
49,8720.49,0.58794,0.25993,0.84729,0.99758,0.99944,0.99437,0.89335,0.54457,0.21502,0.83564,0.0010496,0.0010496,0.0010496
50,8905.96,0.58551,0.25931,0.84529,0.99815,0.99931,0.99458,0.89431,0.54121,0.21439,0.83567,0.0010298,0.0010298,0.0010298
51,9092.55,0.59041,0.2598,0.84731,0.99843,0.99909,0.99456,0.89707,0.53466,0.21349,0.8329,0.00101,0.00101,0.00101
52,9285.39,0.58028,0.2572,0.84232,0.99824,0.99936,0.99446,0.89753,0.53027,0.2119,0.83095,0.0009902,0.0009902,0.0009902
53,9464.36,0.57851,0.25603,0.8423,0.9976,0.99955,0.99443,0.89531,0.53554,0.21056,0.83261,0.0009704,0.0009704,0.0009704
54,9637.23,0.57966,0.25444,0.84388,0.99778,0.99926,0.99458,0.89758,0.53049,0.2087,0.83197,0.0009506,0.0009506,0.0009506
55,9810.36,0.57799,0.25458,0.84147,0.99824,0.99935,0.99453,0.89699,0.53677,0.21202,0.83392,0.0009308,0.0009308,0.0009308
56,9984.28,0.5686,0.25077,0.83882,0.99751,0.99963,0.99453,0.89744,0.52817,0.20866,0.83095,0.000911,0.000911,0.000911
57,10156.1,0.57241,0.25423,0.84113,0.99819,0.99935,0.99453,0.89864,0.52299,0.2077,0.82951,0.0008912,0.0008912,0.0008912
58,10328.5,0.56973,0.25206,0.84244,0.9981,0.99954,0.99461,0.89888,0.52563,0.20592,0.83119,0.0008714,0.0008714,0.0008714
59,10507,0.56863,0.25054,0.84136,0.99705,0.99946,0.99468,0.89927,0.52264,0.20631,0.83019,0.0008516,0.0008516,0.0008516
60,10682.4,0.56662,0.24823,0.84064,0.99723,0.99954,0.99463,0.89886,0.52647,0.20588,0.83087,0.0008318,0.0008318,0.0008318
61,10855.9,0.56522,0.24565,0.84024,0.99727,0.99954,0.99459,0.90144,0.51988,0.20262,0.82846,0.000812,0.000812,0.000812
62,11036.6,0.56574,0.24816,0.8398,0.99797,0.99927,0.99464,0.90182,0.5159,0.20326,0.82685,0.0007922,0.0007922,0.0007922
63,11221.3,0.56196,0.24603,0.84074,0.99705,0.99967,0.99459,0.89785,0.52771,0.20575,0.83256,0.0007724,0.0007724,0.0007724
64,11406.7,0.56457,0.24671,0.84018,0.99751,0.99947,0.99456,0.90145,0.51759,0.20236,0.82732,0.0007526,0.0007526,0.0007526
65,11587,0.55676,0.24199,0.83808,0.99775,0.99963,0.99459,0.90231,0.51515,0.20063,0.82687,0.0007328,0.0007328,0.0007328
66,11758.9,0.55769,0.24328,0.83748,0.99766,0.99935,0.99457,0.90239,0.51476,0.20073,0.82681,0.000713,0.000713,0.000713
67,11930.9,0.55846,0.24297,0.83844,0.99752,0.99954,0.99449,0.90144,0.51819,0.20068,0.82824,0.0006932,0.0006932,0.0006932
68,12108.5,0.55624,0.24088,0.83737,0.99739,0.99926,0.99455,0.90246,0.51163,0.1986,0.82629,0.0006734,0.0006734,0.0006734
69,12281.3,0.55422,0.23881,0.83873,0.99765,0.99954,0.99454,0.90264,0.51209,0.19851,0.82699,0.0006536,0.0006536,0.0006536
70,12454.6,0.55398,0.23899,0.83831,0.99742,0.99983,0.99458,0.90078,0.5185,0.19951,0.83027,0.0006338,0.0006338,0.0006338
71,12636.7,0.55131,0.23991,0.83618,0.99788,0.99946,0.9946,0.90294,0.5127,0.19773,0.82645,0.000614,0.000614,0.000614
72,12824.1,0.54826,0.23831,0.83553,0.9976,0.99954,0.99463,0.90255,0.51206,0.19878,0.82652,0.0005942,0.0005942,0.0005942
73,13011.5,0.54743,0.23849,0.835,0.99797,0.99933,0.99457,0.90222,0.51209,0.19802,0.82618,0.0005744,0.0005744,0.0005744
74,13199,0.54998,0.23846,0.83592,0.99736,0.99972,0.99457,0.90122,0.51625,0.19887,0.82893,0.0005546,0.0005546,0.0005546
75,13386.6,0.5425,0.23652,0.83579,0.99714,0.9996,0.99453,0.90344,0.50842,0.19679,0.8256,0.0005348,0.0005348,0.0005348
76,13572.3,0.54394,0.23428,0.83297,0.99714,0.99987,0.9946,0.90264,0.51196,0.19672,0.8265,0.000515,0.000515,0.000515
77,13755.6,0.54383,0.23462,0.83502,0.99741,0.99972,0.99466,0.90314,0.51014,0.19588,0.82626,0.0004952,0.0004952,0.0004952
78,13924.6,0.54166,0.23297,0.83247,0.99735,0.99963,0.99467,0.90241,0.51103,0.19464,0.82648,0.0004754,0.0004754,0.0004754
79,14092.3,0.53694,0.23001,0.83369,0.99803,0.99944,0.99465,0.90344,0.50793,0.19331,0.82531,0.0004556,0.0004556,0.0004556
80,14260.2,0.53411,0.22892,0.83167,0.99759,0.99963,0.99467,0.90464,0.50573,0.19311,0.82457,0.0004358,0.0004358,0.0004358
81,14428,0.53386,0.2286,0.83314,0.99742,0.99963,0.99464,0.90481,0.50246,0.19231,0.82401,0.000416,0.000416,0.000416
82,14595.9,0.53475,0.22911,0.832,0.99705,0.99989,0.99461,0.90372,0.50492,0.19323,0.82448,0.0003962,0.0003962,0.0003962
83,14768.3,0.53343,0.22664,0.83224,0.99701,1,0.99465,0.9053,0.50138,0.19172,0.82364,0.0003764,0.0003764,0.0003764
84,14938.1,0.52873,0.22614,0.83202,0.99704,1,0.99469,0.90506,0.50097,0.19104,0.8235,0.0003566,0.0003566,0.0003566
85,15105.8,0.52666,0.22489,0.83101,0.99758,0.99981,0.99469,0.90463,0.50341,0.19071,0.82412,0.0003368,0.0003368,0.0003368
86,15275.2,0.52996,0.22456,0.83134,0.99686,0.99985,0.99468,0.90631,0.50058,0.19022,0.82315,0.000317,0.000317,0.000317
87,15445.5,0.52552,0.22278,0.82967,0.99732,0.99934,0.99466,0.90503,0.50024,0.19017,0.82349,0.0002972,0.0002972,0.0002972
88,15616.5,0.52156,0.22152,0.82857,0.99693,0.99972,0.99466,0.9056,0.50031,0.1899,0.82319,0.0002774,0.0002774,0.0002774
89,15793.1,0.52117,0.22011,0.82881,0.99668,0.9998,0.99465,0.90572,0.49971,0.18974,0.82312,0.0002576,0.0002576,0.0002576
90,15971,0.52094,0.22033,0.82851,0.99686,0.99959,0.99466,0.90562,0.50192,0.18992,0.82427,0.0002378,0.0002378,0.0002378
91,16170.9,0.50528,0.20559,0.83234,0.99751,0.99934,0.9946,0.90546,0.50072,0.18963,0.82377,0.000218,0.000218,0.000218
92,16349.4,0.50063,0.20497,0.83039,0.99742,0.99955,0.99455,0.90692,0.49586,0.18955,0.82204,0.0001982,0.0001982,0.0001982
93,16525.7,0.49741,0.20266,0.83069,0.99726,0.99981,0.99466,0.90746,0.49592,0.18846,0.82186,0.0001784,0.0001784,0.0001784
94,16700.1,0.49588,0.20103,0.82839,0.99738,0.99963,0.99462,0.90695,0.49633,0.18802,0.82197,0.0001586,0.0001586,0.0001586
95,16874.9,0.49519,0.20057,0.82741,0.99751,0.99951,0.99464,0.90646,0.49805,0.18824,0.82269,0.0001388,0.0001388,0.0001388
96,17049.1,0.49155,0.19912,0.82566,0.99727,0.99954,0.99465,0.90777,0.49537,0.18762,0.82149,0.000119,0.000119,0.000119
97,17225.1,0.48997,0.1982,0.82863,0.99714,0.99981,0.99467,0.90723,0.49735,0.18739,0.82263,9.92e-05,9.92e-05,9.92e-05
98,17404,0.4875,0.19627,0.8278,0.99723,0.99955,0.99469,0.90727,0.49612,0.18723,0.82244,7.94e-05,7.94e-05,7.94e-05
99,17576.5,0.48541,0.1964,0.82466,0.99714,0.99972,0.99469,0.90803,0.49345,0.18695,0.82149,5.96e-05,5.96e-05,5.96e-05
100,17749.1,0.48598,0.19665,0.82603,0.99723,0.99969,0.99465,0.90719,0.49363,0.1865,0.82129,3.98e-05,3.98e-05,3.98e-05
